Subject,Rank,Actual,Predicted,Errors,Pct Of Subject,Pct Of True Class
AGE_000,1,N3,N2,108,1.98,21.3
AGE_000,2,N2,N1,38,0.7,6.1
AGE_000,3,N1,REM,30,0.55,25.6
AGE_000,4,Wake,N1,24,0.44,0.6
AGE_000,5,N2,REM,20,0.37,3.2
AGE_000,6,Wake,REM,16,0.29,0.4
AGE_000,7,N1,Wake,13,0.24,11.1
AGE_000,8,REM,N2,12,0.22,3.5
AGE_000,9,N1,N2,8,0.15,6.8
AGE_000,10,N2,N3,7,0.13,1.1
AGE_000,11,REM,N1,6,0.11,1.8
AGE_000,12,N1,N3,2,0.04,1.7
AGE_000,13,Wake,N2,1,0.02,0.0
AGE_000,14,N3,N1,1,0.02,0.2
AGE_000,15,REM,Wake,1,0.02,0.3
AGE_009,1,REM,N2,60,1.32,13.9
AGE_009,2,N2,N1,55,1.21,5.5
AGE_009,3,N2,REM,45,0.99,4.5
AGE_009,4,N3,N2,39,0.86,15.1
AGE_009,5,REM,N1,30,0.66,7.0
AGE_009,6,Wake,N1,26,0.57,0.9
AGE_009,7,N2,N3,23,0.5,2.3
AGE_009,8,N1,N2,12,0.26,14.5
AGE_009,9,N1,Wake,9,0.2,10.8
AGE_009,10,N1,REM,7,0.15,8.4
AGE_009,11,N2,Wake,4,0.09,0.4
AGE_009,12,Wake,REM,2,0.04,0.1
AGE_009,13,Wake,N2,1,0.02,0.0
AGE_009,14,N3,Wake,1,0.02,0.4
AGE_009,15,REM,Wake,1,0.02,0.2
AGE_022,1,Wake,N1,134,2.45,3.7
AGE_022,2,N1,N2,114,2.09,36.7
AGE_022,3,N2,N1,88,1.61,9.2
AGE_022,4,N2,N3,72,1.32,7.5
AGE_022,5,N3,N2,46,0.84,23.5
AGE_022,6,REM,N1,32,0.59,8.0
AGE_022,7,N2,REM,31,0.57,3.2
AGE_022,8,N1,REM,26,0.48,8.4
AGE_022,9,REM,N2,25,0.46,6.2
AGE_022,10,N2,Wake,11,0.2,1.1
AGE_022,11,N1,Wake,5,0.09,1.6
AGE_022,12,Wake,N2,3,0.05,0.1
AGE_022,13,Wake,REM,3,0.05,0.1
AGE_022,14,N3,N1,3,0.05,1.5
AGE_022,15,N1,N3,2,0.04,0.6
AGE_022,16,REM,Wake,2,0.04,0.5
AGE_031,1,Wake,N1,140,2.61,3.7
AGE_031,2,N3,N2,137,2.55,45.1
AGE_031,3,N2,N1,67,1.25,9.6
AGE_031,4,N1,REM,48,0.89,20.8
AGE_031,5,N2,REM,36,0.67,5.2
AGE_031,6,REM,N1,33,0.61,9.9
AGE_031,7,N1,N2,21,0.39,9.1
AGE_031,8,N1,Wake,8,0.15,3.5
AGE_031,9,Wake,REM,7,0.13,0.2
AGE_031,10,N2,N3,5,0.09,0.7
AGE_031,11,N2,Wake,3,0.06,0.4
AGE_031,12,REM,N2,3,0.06,0.9
AGE_031,13,Wake,N2,1,0.02,0.0
AGE_031,14,N3,N1,1,0.02,0.3
AGE_033,1,N2,N3,148,2.68,13.7
AGE_033,2,N2,N1,132,2.39,12.2
AGE_033,3,Wake,N1,94,1.7,2.4
AGE_033,4,REM,N1,71,1.29,24.0
AGE_033,5,N1,N2,66,1.2,21.8
AGE_033,6,N2,Wake,15,0.27,1.4
AGE_033,7,N1,N3,11,0.2,3.6
AGE_033,8,N2,REM,9,0.16,0.8
AGE_033,9,REM,N2,8,0.14,2.7
AGE_033,10,N1,Wake,7,0.13,2.3
AGE_033,11,N1,REM,5,0.09,1.7
AGE_033,12,REM,Wake,5,0.09,1.7
AGE_034,1,N2,N1,104,1.88,9.0
AGE_034,2,N2,N3,71,1.28,6.1
AGE_034,3,N1,N2,44,0.79,15.4
AGE_034,4,REM,N2,44,0.79,13.0
AGE_034,5,N1,REM,27,0.49,9.4
AGE_034,6,REM,N1,27,0.49,8.0
AGE_034,7,N2,REM,18,0.32,1.6
AGE_034,8,Wake,N1,13,0.23,0.3
AGE_034,9,N1,Wake,11,0.2,3.8
AGE_039,1,Wake,N1,124,2.29,3.2
AGE_039,2,N1,N2,68,1.25,26.7
AGE_039,3,N2,N3,68,1.25,9.0
AGE_039,4,N2,N1,64,1.18,8.5
AGE_039,5,N3,N2,50,0.92,34.2
AGE_039,6,REM,N1,46,0.85,12.6
AGE_039,7,REM,N2,46,0.85,12.6
AGE_039,8,N2,REM,19,0.35,2.5
AGE_039,9,Wake,REM,10,0.18,0.3
AGE_039,10,N1,Wake,8,0.15,3.1
AGE_039,11,Wake,N2,6,0.11,0.2
AGE_039,12,N1,REM,3,0.06,1.2
AGE_039,13,REM,Wake,3,0.06,0.8
AGE_049,1,N2,N1,206,3.73,23.0
AGE_049,2,REM,N1,114,2.07,29.7
AGE_049,3,Wake,N1,76,1.38,1.9
AGE_049,4,N1,N2,34,0.62,12.7
AGE_049,5,N3,N2,26,0.47,59.1
AGE_049,6,REM,N2,25,0.45,6.5
AGE_049,7,N2,N3,13,0.24,1.5
AGE_049,8,N2,REM,11,0.2,1.2
AGE_049,9,REM,Wake,10,0.18,2.6
AGE_049,10,N1,Wake,9,0.16,3.4
AGE_049,11,N2,Wake,7,0.13,0.8
AGE_049,12,Wake,N3,3,0.05,0.1
AGE_049,13,Wake,N2,2,0.04,0.1
AGE_049,14,N3,N1,2,0.04,4.5
AGE_049,15,N1,REM,1,0.02,0.4
AGE_054,1,Wake,N1,131,2.35,3.2
AGE_054,2,N2,N1,116,2.08,13.2
AGE_054,3,N2,REM,56,1.0,6.3
AGE_054,4,N3,N2,37,0.66,75.5
AGE_054,5,REM,N1,35,0.63,9.9
AGE_054,6,N1,Wake,25,0.45,12.1
AGE_054,7,N2,N3,21,0.38,2.4
AGE_054,8,REM,N2,21,0.38,6.0
AGE_054,9,N1,N2,17,0.3,8.3
AGE_054,10,N1,REM,14,0.25,6.8
AGE_054,11,Wake,REM,2,0.04,0.0
AGE_054,12,REM,Wake,2,0.04,0.6
AGE_066,1,N1,N2,193,3.6,33.9
AGE_066,2,Wake,N1,87,1.62,2.4
AGE_066,3,N2,N3,62,1.16,7.3
AGE_066,4,N1,Wake,46,0.86,8.1
AGE_066,5,N2,N1,12,0.22,1.4
AGE_066,6,N2,REM,11,0.21,1.3
AGE_066,7,REM,N2,11,0.21,4.5
AGE_066,8,N2,Wake,10,0.19,1.2
AGE_066,9,REM,Wake,9,0.17,3.7
AGE_066,10,N3,N2,8,0.15,17.4
AGE_066,11,Wake,N2,6,0.11,0.2
AGE_066,12,Wake,REM,4,0.07,0.1
AGE_066,13,N1,REM,4,0.07,0.7
AGE_066,14,REM,N1,4,0.07,1.6
AGE_066,15,Wake,N3,2,0.04,0.1
AGE_072,1,Wake,N1,191,3.71,4.9
AGE_072,2,Wake,N2,90,1.75,2.3
AGE_072,3,N2,N1,55,1.07,6.1
AGE_072,4,N1,Wake,52,1.01,21.2
AGE_072,5,N1,N2,49,0.95,20.0
AGE_072,6,N3,N2,20,0.39,100.0
AGE_072,7,Wake,REM,17,0.33,0.4
AGE_072,8,REM,N2,16,0.31,13.4
AGE_072,9,N1,REM,9,0.17,3.7
AGE_072,10,N2,REM,5,0.1,0.6
AGE_072,11,REM,N1,5,0.1,4.2
AGE_072,12,N2,Wake,2,0.04,0.2
AGE_072,13,REM,Wake,1,0.02,0.8
AGE_077,1,N3,N2,61,1.11,19.2
AGE_077,2,N1,N2,58,1.05,31.0
AGE_077,3,REM,N1,54,0.98,13.3
AGE_077,4,Wake,N1,46,0.83,1.2
AGE_077,5,N2,N1,40,0.72,5.0
AGE_077,6,Wake,REM,24,0.43,0.6
AGE_077,7,N2,N3,19,0.34,2.4
AGE_077,8,N2,REM,13,0.24,1.6
AGE_077,9,N1,Wake,12,0.22,6.4
AGE_077,10,REM,N2,11,0.2,2.7
AGE_077,11,N1,REM,8,0.14,4.3
AGE_077,12,REM,Wake,7,0.13,1.7
AGE_077,13,Wake,N2,4,0.07,0.1
AGE_077,14,Wake,N3,1,0.02,0.0
AGE_077,15,N3,N1,1,0.02,0.3
TEZ_000,1,N2,N1,236,11.08,21.2
TEZ_000,2,N3,N2,80,3.76,32.7
TEZ_000,3,Wake,N1,65,3.05,21.3
TEZ_000,4,N1,Wake,40,1.88,24.5
TEZ_000,5,N2,N3,37,1.74,3.3
TEZ_000,6,N2,Wake,34,1.6,3.0
TEZ_000,7,REM,N1,21,0.99,7.0
TEZ_000,8,N2,REM,12,0.56,1.1
TEZ_000,9,N1,REM,10,0.47,6.1
TEZ_000,10,REM,N2,9,0.42,3.0
TEZ_000,11,Wake,N2,4,0.19,1.3
TEZ_000,12,N1,N2,4,0.19,2.5
TEZ_000,13,Wake,REM,3,0.14,1.0
TEZ_000,14,N3,Wake,3,0.14,1.2
TEZ_000,15,N3,N1,3,0.14,1.2
TEZ_000,16,N3,REM,1,0.05,0.4
TEZ_005,1,N3,N2,57,3.29,19.5
TEZ_005,2,Wake,N1,43,2.49,7.6
TEZ_005,3,N1,REM,35,2.02,24.1
TEZ_005,4,N2,N1,26,1.5,4.8
TEZ_005,5,N1,N2,22,1.27,15.2
TEZ_005,6,N2,REM,22,1.27,4.0
TEZ_005,7,REM,N2,8,0.46,4.4
TEZ_005,8,N1,Wake,5,0.29,3.4
TEZ_005,9,Wake,REM,3,0.17,0.5
TEZ_005,10,N2,N3,3,0.17,0.5
TEZ_005,11,Wake,N2,2,0.12,0.4
TEZ_005,12,REM,N1,2,0.12,1.1
TEZ_008,1,N3,N2,151,7.74,25.2
TEZ_008,2,REM,N2,138,7.08,26.2
TEZ_008,3,Wake,N1,30,1.54,16.7
TEZ_008,4,N2,N1,16,0.82,2.9
TEZ_008,5,N2,REM,12,0.62,2.2
TEZ_008,6,N1,REM,7,0.36,7.5
TEZ_008,7,N3,N1,6,0.31,1.0
TEZ_008,8,N2,N3,5,0.26,0.9
TEZ_008,9,N1,N2,4,0.21,4.3
TEZ_008,10,REM,Wake,3,0.15,0.6
TEZ_008,11,REM,N1,3,0.15,0.6
TEZ_008,12,N2,Wake,2,0.1,0.4
TEZ_008,13,N1,Wake,1,0.05,1.1
TEZ_013,1,N3,N2,162,8.39,30.6
TEZ_013,2,Wake,N1,59,3.06,39.1
TEZ_013,3,N2,REM,25,1.3,3.3
TEZ_013,4,N1,REM,22,1.14,13.8
TEZ_013,5,N2,N1,20,1.04,2.7
TEZ_013,6,REM,N2,16,0.83,4.7
TEZ_013,7,N1,N2,10,0.52,6.3
TEZ_013,8,N1,Wake,9,0.47,5.7
TEZ_013,9,Wake,REM,5,0.26,3.3
TEZ_013,10,N1,N3,2,0.1,1.3
TEZ_013,11,N2,N3,2,0.1,0.3
TEZ_013,12,Wake,N2,1,0.05,0.7
