Subject,Accuracy,Weakest Class,Weakest-Class Recall,Main Confusion,Main Confusion Errors,Pct Of Subject,Pct Of True Class,Mean Confidence Correct,Mean Confidence Incorrect
AGE_000,94.95,N1,56.4,N3 -> N2,103,1.89,20.3,0.975,0.748
AGE_009,93.36,N1,67.5,REM -> N2,56,1.23,13.0,0.969,0.743
AGE_022,89.21,N1,47.6,Wake -> N1,125,2.29,3.5,0.952,0.738
AGE_031,90.69,N3,55.6,Wake -> N1,140,2.61,3.7,0.963,0.742
AGE_033,90.04,N2,71.8,N2 -> N1,141,2.55,13.0,0.958,0.752
AGE_034,93.29,N1,72.7,N2 -> N1,113,2.04,9.8,0.965,0.728
AGE_039,90.81,N1,69.4,Wake -> N1,121,2.23,3.1,0.958,0.759
AGE_049,90.69,N3,38.6,N2 -> N1,184,3.33,20.6,0.949,0.713
AGE_054,91.16,N3,24.5,Wake -> N1,132,2.37,3.2,0.967,0.752
AGE_066,91.47,N1,57.3,N1 -> N2,199,3.71,35.0,0.951,0.715
AGE_072,91.05,N3,0.0,Wake -> N1,114,2.21,3.0,0.962,0.709
AGE_077,93.35,N1,58.3,N3 -> N2,69,1.25,21.7,0.971,0.737
TEZ_000,74.51,N3,65.3,N2 -> N1,222,10.42,19.9,0.882,0.734
TEZ_005,86.53,N1,53.1,N3 -> N2,59,3.41,20.2,0.936,0.766
TEZ_008,79.95,N3,71.5,N3 -> N2,166,8.51,27.7,0.936,0.803
TEZ_013,83.16,Wake,57.6,N3 -> N2,161,8.34,30.4,0.927,0.773
ALL 16 (overall),90.48,N1,64.7,N2 -> N1,1233,1.71,9.1,0.958,0.743
