Test Subject,Total Samples,Correct Predictions,Incorrect Predictions,Accuracy
AGE_000,5460,5184,276,94.94505494505495
AGE_009,4560,4257,303,93.35526315789474
AGE_022,5460,4871,589,89.21245421245422
AGE_031,5370,4870,500,90.68901303538175
AGE_033,5520,4970,550,90.03623188405797
AGE_034,5540,5168,372,93.28519855595668
AGE_039,5420,4922,498,90.81180811808117
AGE_049,5520,5006,514,90.68840579710145
AGE_054,5580,5087,493,91.16487455197132
AGE_066,5360,4903,457,91.47388059701493
AGE_072,5150,4689,461,91.04854368932038
AGE_077,5520,5153,367,93.35144927536231
TEZ_000,2130,1587,543,74.50704225352112
TEZ_005,1730,1497,233,86.53179190751445
TEZ_008,1950,1559,391,79.94871794871794
TEZ_013,1930,1605,325,83.16062176165804
