subject_id,night,cohort,split,n_epochs,n_flagged,n_skipped_windows,cache_path
AGE_000,N1,AGE,test,2650,2580,0,/home/shamique/projects/sleep/data/cache_full/AGE_000_N1.npz
AGE_000,N2,AGE,test,2829,2424,0,/home/shamique/projects/sleep/data/cache_full/AGE_000_N2.npz
AGE_001,N1,AGE,train,2802,2705,0,/home/shamique/projects/sleep/data/cache_full/AGE_001_N1.npz
AGE_001,N2,AGE,train,2848,2637,0,/home/shamique/projects/sleep/data/cache_full/AGE_001_N2.npz
AGE_002,N1,AGE,train,2804,2730,0,/home/shamique/projects/sleep/data/cache_full/AGE_002_N1.npz
AGE_002,N2,AGE,train,2755,2643,0,/home/shamique/projects/sleep/data/cache_full/AGE_002_N2.npz
AGE_003,N1,AGE,train,2820,2707,0,/home/shamique/projects/sleep/data/cache_full/AGE_003_N1.npz
AGE_003,N2,AGE,train,2732,1444,0,/home/shamique/projects/sleep/data/cache_full/AGE_003_N2.npz
AGE_004,N1,AGE,val,2569,2401,0,/home/shamique/projects/sleep/data/cache_full/AGE_004_N1.npz
AGE_004,N2,AGE,val,2788,2687,0,/home/shamique/projects/sleep/data/cache_full/AGE_004_N2.npz
AGE_005,N1,AGE,val,2722,2588,0,/home/shamique/projects/sleep/data/cache_full/AGE_005_N1.npz
AGE_005,N2,AGE,val,2804,1980,0,/home/shamique/projects/sleep/data/cache_full/AGE_005_N2.npz
AGE_006,N1,AGE,train,2770,2549,0,/home/shamique/projects/sleep/data/cache_full/AGE_006_N1.npz
AGE_006,N2,AGE,train,2830,2748,0,/home/shamique/projects/sleep/data/cache_full/AGE_006_N2.npz
AGE_007,N1,AGE,train,2810,2635,0,/home/shamique/projects/sleep/data/cache_full/AGE_007_N1.npz
AGE_007,N2,AGE,train,2770,1639,0,/home/shamique/projects/sleep/data/cache_full/AGE_007_N2.npz
AGE_008,N1,AGE,train,2796,2698,0,/home/shamique/projects/sleep/data/cache_full/AGE_008_N1.npz
AGE_008,N2,AGE,train,2634,2053,0,/home/shamique/projects/sleep/data/cache_full/AGE_008_N2.npz
AGE_009,N1,AGE,test,2721,2426,0,/home/shamique/projects/sleep/data/cache_full/AGE_009_N1.npz
AGE_009,N2,AGE,test,2044,1805,0,/home/shamique/projects/sleep/data/cache_full/AGE_009_N2.npz
AGE_010,N1,AGE,val,2719,2509,0,/home/shamique/projects/sleep/data/cache_full/AGE_010_N1.npz
AGE_010,N2,AGE,val,2857,2404,0,/home/shamique/projects/sleep/data/cache_full/AGE_010_N2.npz
AGE_011,N1,AGE,train,2641,2585,0,/home/shamique/projects/sleep/data/cache_full/AGE_011_N1.npz
AGE_011,N2,AGE,train,2780,2338,0,/home/shamique/projects/sleep/data/cache_full/AGE_011_N2.npz
AGE_012,N1,AGE,val,2685,2467,0,/home/shamique/projects/sleep/data/cache_full/AGE_012_N1.npz
AGE_012,N2,AGE,val,2606,2520,0,/home/shamique/projects/sleep/data/cache_full/AGE_012_N2.npz
AGE_013,N1,AGE,train,2814,2356,0,/home/shamique/projects/sleep/data/cache_full/AGE_013_N1.npz
AGE_014,N1,AGE,train,2756,2270,0,/home/shamique/projects/sleep/data/cache_full/AGE_014_N1.npz
AGE_014,N2,AGE,train,2774,1933,0,/home/shamique/projects/sleep/data/cache_full/AGE_014_N2.npz
AGE_015,N1,AGE,train,2616,2402,0,/home/shamique/projects/sleep/data/cache_full/AGE_015_N1.npz
AGE_015,N2,AGE,train,2859,2439,0,/home/shamique/projects/sleep/data/cache_full/AGE_015_N2.npz
AGE_016,N1,AGE,train,2621,2000,0,/home/shamique/projects/sleep/data/cache_full/AGE_016_N1.npz
AGE_016,N2,AGE,train,2750,1850,0,/home/shamique/projects/sleep/data/cache_full/AGE_016_N2.npz
AGE_017,N1,AGE,train,2741,2252,0,/home/shamique/projects/sleep/data/cache_full/AGE_017_N1.npz
AGE_017,N2,AGE,train,2720,2362,0,/home/shamique/projects/sleep/data/cache_full/AGE_017_N2.npz
AGE_018,N1,AGE,val,2756,2650,0,/home/shamique/projects/sleep/data/cache_full/AGE_018_N1.npz
AGE_018,N2,AGE,val,2842,1331,0,/home/shamique/projects/sleep/data/cache_full/AGE_018_N2.npz
AGE_019,N1,AGE,train,2774,1001,0,/home/shamique/projects/sleep/data/cache_full/AGE_019_N1.npz
AGE_019,N2,AGE,train,2605,2355,0,/home/shamique/projects/sleep/data/cache_full/AGE_019_N2.npz
AGE_020,N1,AGE,train,2803,2688,0,/home/shamique/projects/sleep/data/cache_full/AGE_020_N1.npz
AGE_020,N2,AGE,train,2670,2578,0,/home/shamique/projects/sleep/data/cache_full/AGE_020_N2.npz
AGE_021,N1,AGE,train,2805,2680,0,/home/shamique/projects/sleep/data/cache_full/AGE_021_N1.npz
AGE_021,N2,AGE,train,2694,2611,0,/home/shamique/projects/sleep/data/cache_full/AGE_021_N2.npz
AGE_022,N1,AGE,test,2700,2591,0,/home/shamique/projects/sleep/data/cache_full/AGE_022_N1.npz
AGE_022,N2,AGE,test,2760,2699,0,/home/shamique/projects/sleep/data/cache_full/AGE_022_N2.npz
AGE_023,N1,AGE,train,2743,2435,0,/home/shamique/projects/sleep/data/cache_full/AGE_023_N1.npz
AGE_023,N2,AGE,train,2635,2226,0,/home/shamique/projects/sleep/data/cache_full/AGE_023_N2.npz
AGE_024,N1,AGE,train,2700,1954,0,/home/shamique/projects/sleep/data/cache_full/AGE_024_N1.npz
AGE_024,N2,AGE,train,2710,2149,0,/home/shamique/projects/sleep/data/cache_full/AGE_024_N2.npz
AGE_025,N1,AGE,train,2760,2320,0,/home/shamique/projects/sleep/data/cache_full/AGE_025_N1.npz
AGE_025,N2,AGE,train,2665,2011,0,/home/shamique/projects/sleep/data/cache_full/AGE_025_N2.npz
AGE_026,N1,AGE,train,2800,2628,0,/home/shamique/projects/sleep/data/cache_full/AGE_026_N1.npz
AGE_026,N2,AGE,train,2720,2567,0,/home/shamique/projects/sleep/data/cache_full/AGE_026_N2.npz
AGE_027,N1,AGE,train,2440,1585,0,/home/shamique/projects/sleep/data/cache_full/AGE_027_N1.npz
AGE_027,N2,AGE,train,2870,2526,0,/home/shamique/projects/sleep/data/cache_full/AGE_027_N2.npz
AGE_028,N1,AGE,train,2788,2521,0,/home/shamique/projects/sleep/data/cache_full/AGE_028_N1.npz
AGE_028,N2,AGE,train,2814,2538,0,/home/shamique/projects/sleep/data/cache_full/AGE_028_N2.npz
AGE_029,N1,AGE,train,2756,2611,0,/home/shamique/projects/sleep/data/cache_full/AGE_029_N1.npz
AGE_029,N2,AGE,train,2807,2640,0,/home/shamique/projects/sleep/data/cache_full/AGE_029_N2.npz
AGE_030,N1,AGE,val,2644,1796,0,/home/shamique/projects/sleep/data/cache_full/AGE_030_N1.npz
AGE_030,N2,AGE,val,2808,2147,0,/home/shamique/projects/sleep/data/cache_full/AGE_030_N2.npz
AGE_031,N1,AGE,test,2670,2346,0,/home/shamique/projects/sleep/data/cache_full/AGE_031_N1.npz
AGE_031,N2,AGE,test,2700,2675,0,/home/shamique/projects/sleep/data/cache_full/AGE_031_N2.npz
AGE_032,N1,AGE,train,2689,2450,0,/home/shamique/projects/sleep/data/cache_full/AGE_032_N1.npz
AGE_032,N2,AGE,train,2616,2135,0,/home/shamique/projects/sleep/data/cache_full/AGE_032_N2.npz
AGE_033,N1,AGE,test,2809,1636,0,/home/shamique/projects/sleep/data/cache_full/AGE_033_N1.npz
AGE_033,N2,AGE,test,2758,1024,0,/home/shamique/projects/sleep/data/cache_full/AGE_033_N2.npz
AGE_034,N1,AGE,test,2750,1970,0,/home/shamique/projects/sleep/data/cache_full/AGE_034_N1.npz
AGE_034,N2,AGE,test,2790,2540,0,/home/shamique/projects/sleep/data/cache_full/AGE_034_N2.npz
AGE_035,N1,AGE,val,2710,2588,0,/home/shamique/projects/sleep/data/cache_full/AGE_035_N1.npz
AGE_035,N2,AGE,val,2530,2071,0,/home/shamique/projects/sleep/data/cache_full/AGE_035_N2.npz
AGE_036,N2,AGE,train,2266,1764,0,/home/shamique/projects/sleep/data/cache_full/AGE_036_N2.npz
AGE_037,N1,AGE,train,2850,2230,0,/home/shamique/projects/sleep/data/cache_full/AGE_037_N1.npz
AGE_037,N2,AGE,train,2840,2026,0,/home/shamique/projects/sleep/data/cache_full/AGE_037_N2.npz
AGE_038,N1,AGE,train,2750,2446,0,/home/shamique/projects/sleep/data/cache_full/AGE_038_N1.npz
AGE_038,N2,AGE,train,2770,2405,0,/home/shamique/projects/sleep/data/cache_full/AGE_038_N2.npz
AGE_039,N1,AGE,test,2630,2520,0,/home/shamique/projects/sleep/data/cache_full/AGE_039_N1.npz
AGE_039,N2,AGE,test,2790,2132,0,/home/shamique/projects/sleep/data/cache_full/AGE_039_N2.npz
AGE_040,N1,AGE,train,2728,2306,0,/home/shamique/projects/sleep/data/cache_full/AGE_040_N1.npz
AGE_040,N2,AGE,train,2765,2630,0,/home/shamique/projects/sleep/data/cache_full/AGE_040_N2.npz
AGE_041,N1,AGE,train,2764,2722,0,/home/shamique/projects/sleep/data/cache_full/AGE_041_N1.npz
AGE_041,N2,AGE,train,2682,2089,0,/home/shamique/projects/sleep/data/cache_full/AGE_041_N2.npz
AGE_042,N1,AGE,train,2723,1642,0,/home/shamique/projects/sleep/data/cache_full/AGE_042_N1.npz
AGE_042,N2,AGE,train,2780,2412,0,/home/shamique/projects/sleep/data/cache_full/AGE_042_N2.npz
AGE_043,N1,AGE,train,2620,1902,0,/home/shamique/projects/sleep/data/cache_full/AGE_043_N1.npz
AGE_043,N2,AGE,train,2778,1363,0,/home/shamique/projects/sleep/data/cache_full/AGE_043_N2.npz
AGE_044,N1,AGE,val,2790,2653,0,/home/shamique/projects/sleep/data/cache_full/AGE_044_N1.npz
AGE_044,N2,AGE,val,2670,2471,0,/home/shamique/projects/sleep/data/cache_full/AGE_044_N2.npz
AGE_045,N1,AGE,train,2695,2439,0,/home/shamique/projects/sleep/data/cache_full/AGE_045_N1.npz
AGE_045,N2,AGE,train,2854,2601,0,/home/shamique/projects/sleep/data/cache_full/AGE_045_N2.npz
AGE_046,N1,AGE,train,2739,2614,0,/home/shamique/projects/sleep/data/cache_full/AGE_046_N1.npz
AGE_046,N2,AGE,train,2789,2719,0,/home/shamique/projects/sleep/data/cache_full/AGE_046_N2.npz
AGE_047,N1,AGE,train,2880,2751,0,/home/shamique/projects/sleep/data/cache_full/AGE_047_N1.npz
AGE_047,N2,AGE,train,2880,2761,0,/home/shamique/projects/sleep/data/cache_full/AGE_047_N2.npz
AGE_048,N1,AGE,train,2800,2717,0,/home/shamique/projects/sleep/data/cache_full/AGE_048_N1.npz
AGE_048,N2,AGE,train,2135,2055,0,/home/shamique/projects/sleep/data/cache_full/AGE_048_N2.npz
AGE_049,N1,AGE,test,2750,2594,0,/home/shamique/projects/sleep/data/cache_full/AGE_049_N1.npz
AGE_049,N2,AGE,test,2770,2377,0,/home/shamique/projects/sleep/data/cache_full/AGE_049_N2.npz
AGE_050,N1,AGE,train,2712,2133,0,/home/shamique/projects/sleep/data/cache_full/AGE_050_N1.npz
AGE_050,N2,AGE,train,2750,2043,0,/home/shamique/projects/sleep/data/cache_full/AGE_050_N2.npz
AGE_051,N2,AGE,train,2774,2394,0,/home/shamique/projects/sleep/data/cache_full/AGE_051_N2.npz
AGE_052,N1,AGE,train,2602,2353,0,/home/shamique/projects/sleep/data/cache_full/AGE_052_N1.npz
AGE_052,N2,AGE,train,2744,2630,0,/home/shamique/projects/sleep/data/cache_full/AGE_052_N2.npz
AGE_053,N1,AGE,val,2739,2292,0,/home/shamique/projects/sleep/data/cache_full/AGE_053_N1.npz
AGE_053,N2,AGE,val,2680,2237,0,/home/shamique/projects/sleep/data/cache_full/AGE_053_N2.npz
AGE_054,N1,AGE,test,2772,2077,0,/home/shamique/projects/sleep/data/cache_full/AGE_054_N1.npz
AGE_054,N2,AGE,test,2810,2239,0,/home/shamique/projects/sleep/data/cache_full/AGE_054_N2.npz
AGE_055,N1,AGE,train,2702,2467,0,/home/shamique/projects/sleep/data/cache_full/AGE_055_N1.npz
AGE_055,N2,AGE,train,2800,2599,0,/home/shamique/projects/sleep/data/cache_full/AGE_055_N2.npz
AGE_056,N1,AGE,train,2836,2747,0,/home/shamique/projects/sleep/data/cache_full/AGE_056_N1.npz
AGE_056,N2,AGE,train,2873,2083,0,/home/shamique/projects/sleep/data/cache_full/AGE_056_N2.npz
AGE_057,N1,AGE,train,2738,2274,0,/home/shamique/projects/sleep/data/cache_full/AGE_057_N1.npz
AGE_057,N2,AGE,train,2634,2150,0,/home/shamique/projects/sleep/data/cache_full/AGE_057_N2.npz
AGE_058,N1,AGE,val,2819,2280,0,/home/shamique/projects/sleep/data/cache_full/AGE_058_N1.npz
AGE_058,N2,AGE,val,2040,1943,0,/home/shamique/projects/sleep/data/cache_full/AGE_058_N2.npz
AGE_059,N1,AGE,train,2730,2730,0,/home/shamique/projects/sleep/data/cache_full/AGE_059_N1.npz
AGE_059,N2,AGE,train,2800,2798,0,/home/shamique/projects/sleep/data/cache_full/AGE_059_N2.npz
AGE_060,N1,AGE,train,2644,2641,0,/home/shamique/projects/sleep/data/cache_full/AGE_060_N1.npz
AGE_060,N2,AGE,train,2730,2678,0,/home/shamique/projects/sleep/data/cache_full/AGE_060_N2.npz
AGE_061,N1,AGE,val,2612,2205,0,/home/shamique/projects/sleep/data/cache_full/AGE_061_N1.npz
AGE_061,N2,AGE,val,2856,2532,0,/home/shamique/projects/sleep/data/cache_full/AGE_061_N2.npz
AGE_062,N1,AGE,train,2758,2629,0,/home/shamique/projects/sleep/data/cache_full/AGE_062_N1.npz
AGE_062,N2,AGE,train,2848,2533,0,/home/shamique/projects/sleep/data/cache_full/AGE_062_N2.npz
AGE_063,N1,AGE,train,2680,2389,0,/home/shamique/projects/sleep/data/cache_full/AGE_063_N1.npz
AGE_063,N2,AGE,train,2790,2663,0,/home/shamique/projects/sleep/data/cache_full/AGE_063_N2.npz
AGE_064,N1,AGE,train,2860,2757,0,/home/shamique/projects/sleep/data/cache_full/AGE_064_N1.npz
AGE_064,N2,AGE,train,2838,2569,0,/home/shamique/projects/sleep/data/cache_full/AGE_064_N2.npz
AGE_065,N1,AGE,train,2664,1666,0,/home/shamique/projects/sleep/data/cache_full/AGE_065_N1.npz
AGE_065,N2,AGE,train,2820,1499,0,/home/shamique/projects/sleep/data/cache_full/AGE_065_N2.npz
AGE_066,N1,AGE,test,2780,1417,0,/home/shamique/projects/sleep/data/cache_full/AGE_066_N1.npz
AGE_066,N2,AGE,test,2580,2531,0,/home/shamique/projects/sleep/data/cache_full/AGE_066_N2.npz
AGE_067,N1,AGE,val,2679,502,0,/home/shamique/projects/sleep/data/cache_full/AGE_067_N1.npz
AGE_067,N2,AGE,val,2624,2053,0,/home/shamique/projects/sleep/data/cache_full/AGE_067_N2.npz
AGE_068,N1,AGE,train,2730,2176,0,/home/shamique/projects/sleep/data/cache_full/AGE_068_N1.npz
AGE_068,N2,AGE,train,2820,2550,0,/home/shamique/projects/sleep/data/cache_full/AGE_068_N2.npz
AGE_069,N1,AGE,train,2342,1847,0,/home/shamique/projects/sleep/data/cache_full/AGE_069_N1.npz
AGE_069,N2,AGE,train,2746,2532,0,/home/shamique/projects/sleep/data/cache_full/AGE_069_N2.npz
AGE_070,N1,AGE,train,2780,2452,0,/home/shamique/projects/sleep/data/cache_full/AGE_070_N1.npz
AGE_070,N2,AGE,train,2519,1926,0,/home/shamique/projects/sleep/data/cache_full/AGE_070_N2.npz
AGE_071,N1,AGE,train,2689,2534,0,/home/shamique/projects/sleep/data/cache_full/AGE_071_N1.npz
AGE_071,N2,AGE,train,2650,2259,0,/home/shamique/projects/sleep/data/cache_full/AGE_071_N2.npz
AGE_072,N1,AGE,test,2680,1268,0,/home/shamique/projects/sleep/data/cache_full/AGE_072_N1.npz
AGE_072,N2,AGE,test,2470,1977,0,/home/shamique/projects/sleep/data/cache_full/AGE_072_N2.npz
AGE_073,N1,AGE,train,2610,2312,0,/home/shamique/projects/sleep/data/cache_full/AGE_073_N1.npz
AGE_073,N2,AGE,train,2662,2126,0,/home/shamique/projects/sleep/data/cache_full/AGE_073_N2.npz
AGE_074,N1,AGE,train,2756,2228,0,/home/shamique/projects/sleep/data/cache_full/AGE_074_N1.npz
AGE_074,N2,AGE,train,2242,1977,0,/home/shamique/projects/sleep/data/cache_full/AGE_074_N2.npz
AGE_075,N1,AGE,train,2774,2038,0,/home/shamique/projects/sleep/data/cache_full/AGE_075_N1.npz
AGE_075,N2,AGE,train,2810,2570,0,/home/shamique/projects/sleep/data/cache_full/AGE_075_N2.npz
AGE_076,N1,AGE,train,2402,2305,0,/home/shamique/projects/sleep/data/cache_full/AGE_076_N1.npz
AGE_076,N2,AGE,train,2414,2265,0,/home/shamique/projects/sleep/data/cache_full/AGE_076_N2.npz
AGE_077,N1,AGE,test,2721,2348,0,/home/shamique/projects/sleep/data/cache_full/AGE_077_N1.npz
AGE_077,N2,AGE,test,2810,1830,0,/home/shamique/projects/sleep/data/cache_full/AGE_077_N2.npz
TEZ_000,N1,TEZ,test,1092,103,0,/home/shamique/projects/sleep/data/cache_full/TEZ_000_N1.npz
TEZ_000,N2,TEZ,test,1040,42,0,/home/shamique/projects/sleep/data/cache_full/TEZ_000_N2.npz
TEZ_001,N1,TEZ,val,920,59,0,/home/shamique/projects/sleep/data/cache_full/TEZ_001_N1.npz
TEZ_001,N2,TEZ,val,944,101,0,/home/shamique/projects/sleep/data/cache_full/TEZ_001_N2.npz
TEZ_002,N1,TEZ,train,1007,303,0,/home/shamique/projects/sleep/data/cache_full/TEZ_002_N1.npz
TEZ_002,N2,TEZ,train,1130,177,0,/home/shamique/projects/sleep/data/cache_full/TEZ_002_N2.npz
TEZ_003,N1,TEZ,train,1018,235,0,/home/shamique/projects/sleep/data/cache_full/TEZ_003_N1.npz
TEZ_003,N2,TEZ,train,1034,322,0,/home/shamique/projects/sleep/data/cache_full/TEZ_003_N2.npz
TEZ_004,N1,TEZ,train,1008,151,0,/home/shamique/projects/sleep/data/cache_full/TEZ_004_N1.npz
TEZ_004,N2,TEZ,train,952,105,0,/home/shamique/projects/sleep/data/cache_full/TEZ_004_N2.npz
TEZ_005,N1,TEZ,test,821,132,0,/home/shamique/projects/sleep/data/cache_full/TEZ_005_N1.npz
TEZ_005,N2,TEZ,test,914,138,0,/home/shamique/projects/sleep/data/cache_full/TEZ_005_N2.npz
TEZ_006,N1,TEZ,train,966,99,0,/home/shamique/projects/sleep/data/cache_full/TEZ_006_N1.npz
TEZ_006,N2,TEZ,train,931,125,0,/home/shamique/projects/sleep/data/cache_full/TEZ_006_N2.npz
TEZ_007,N1,TEZ,train,943,34,0,/home/shamique/projects/sleep/data/cache_full/TEZ_007_N1.npz
TEZ_007,N2,TEZ,train,923,113,0,/home/shamique/projects/sleep/data/cache_full/TEZ_007_N2.npz
TEZ_008,N1,TEZ,test,1042,109,0,/home/shamique/projects/sleep/data/cache_full/TEZ_008_N1.npz
TEZ_008,N2,TEZ,test,980,80,0,/home/shamique/projects/sleep/data/cache_full/TEZ_008_N2.npz
TEZ_009,N1,TEZ,train,1017,95,0,/home/shamique/projects/sleep/data/cache_full/TEZ_009_N1.npz
TEZ_009,N2,TEZ,train,978,130,0,/home/shamique/projects/sleep/data/cache_full/TEZ_009_N2.npz
TEZ_010,N1,TEZ,train,1026,82,0,/home/shamique/projects/sleep/data/cache_full/TEZ_010_N1.npz
TEZ_010,N2,TEZ,train,945,119,0,/home/shamique/projects/sleep/data/cache_full/TEZ_010_N2.npz
TEZ_011,N1,TEZ,train,859,21,0,/home/shamique/projects/sleep/data/cache_full/TEZ_011_N1.npz
TEZ_011,N2,TEZ,train,852,96,0,/home/shamique/projects/sleep/data/cache_full/TEZ_011_N2.npz
TEZ_012,N1,TEZ,train,858,73,0,/home/shamique/projects/sleep/data/cache_full/TEZ_012_N1.npz
TEZ_012,N2,TEZ,train,873,59,0,/home/shamique/projects/sleep/data/cache_full/TEZ_012_N2.npz
TEZ_013,N1,TEZ,test,897,92,0,/home/shamique/projects/sleep/data/cache_full/TEZ_013_N1.npz
TEZ_013,N2,TEZ,test,1045,81,0,/home/shamique/projects/sleep/data/cache_full/TEZ_013_N2.npz
TEZ_014,N1,TEZ,train,1057,52,0,/home/shamique/projects/sleep/data/cache_full/TEZ_014_N1.npz
TEZ_014,N2,TEZ,train,988,58,0,/home/shamique/projects/sleep/data/cache_full/TEZ_014_N2.npz
TEZ_015,N1,TEZ,val,964,44,0,/home/shamique/projects/sleep/data/cache_full/TEZ_015_N1.npz
TEZ_015,N2,TEZ,val,1005,57,0,/home/shamique/projects/sleep/data/cache_full/TEZ_015_N2.npz
TEZ_016,N1,TEZ,train,959,8,0,/home/shamique/projects/sleep/data/cache_full/TEZ_016_N1.npz
TEZ_016,N2,TEZ,train,967,12,0,/home/shamique/projects/sleep/data/cache_full/TEZ_016_N2.npz
TEZ_017,N1,TEZ,train,955,110,0,/home/shamique/projects/sleep/data/cache_full/TEZ_017_N1.npz
TEZ_017,N2,TEZ,train,931,121,0,/home/shamique/projects/sleep/data/cache_full/TEZ_017_N2.npz
TEZ_018,N1,TEZ,train,921,35,0,/home/shamique/projects/sleep/data/cache_full/TEZ_018_N1.npz
TEZ_018,N2,TEZ,train,898,74,0,/home/shamique/projects/sleep/data/cache_full/TEZ_018_N2.npz
TEZ_019,N1,TEZ,train,1077,95,0,/home/shamique/projects/sleep/data/cache_full/TEZ_019_N1.npz
TEZ_019,N2,TEZ,train,1010,253,0,/home/shamique/projects/sleep/data/cache_full/TEZ_019_N2.npz
TEZ_020,N1,TEZ,val,1033,86,0,/home/shamique/projects/sleep/data/cache_full/TEZ_020_N1.npz
TEZ_020,N2,TEZ,val,951,126,0,/home/shamique/projects/sleep/data/cache_full/TEZ_020_N2.npz
TEZ_021,N1,TEZ,train,1021,166,0,/home/shamique/projects/sleep/data/cache_full/TEZ_021_N1.npz
TEZ_021,N2,TEZ,train,939,116,0,/home/shamique/projects/sleep/data/cache_full/TEZ_021_N2.npz
